faiss_idx,scene,ts_ns,frame_idx,tx,ty,tz,qw,qx,qy,qz
0,seq00,27925386474050,0,0.001714,-0.005375,-0.003107,0.426012804,0.630978685,0.612729791,-0.211993378
1,seq00,27926386475625,1,-0.01063,0.023733,-0.001783,0.419695477,0.639075537,0.604019451,-0.224941478
2,seq00,27927386477250,2,0.019862,0.111955,0.052494,0.621535321,0.343013965,0.689337953,-0.144389929
3,seq00,27928386475962,3,0.146747,0.162943,0.042796,0.599131577,0.358331074,0.69644923,-0.16612846
4,seq00,27929386472925,4,0.199991,0.255696,0.038412,0.578777187,0.38163215,0.701552148,-0.164919537
5,seq00,27930386471462,5,0.203179,0.246728,0.033534,0.5678978,0.393583217,0.701641968,-0.174019793
6,seq00,27931386474800,6,0.189421,0.220065,0.02242,0.551141218,0.409995126,0.710782211,-0.15144637
7,seq00,27932386470587,7,0.216848,0.232619,0.045468,0.588056758,0.373249292,0.687177719,-0.206545391
8,seq00,27933386476175,8,0.220486,0.218982,0.046414,0.58270189,0.388064273,0.678255423,-0.223235767
9,seq00,27934386480800,9,0.13315,0.163663,0.033328,0.583398467,0.345874246,0.70244004,-0.215859271
10,seq00,27935386479375,10,0.166124,0.126503,0.051128,0.585232063,0.379098069,0.693176066,-0.182469254
11,seq00,27936386476212,11,0.195481,0.125488,0.048599,0.585448836,0.378037093,0.691804447,-0.189061427
12,seq00,27937386473925,12,0.246255,0.160688,0.052986,0.602243289,0.360472908,0.674924772,-0.227681478
13,seq00,27938386471125,13,0.258049,0.173917,0.0511,0.600838366,0.362940287,0.671704119,-0.236814658
14,seq00,27939386475750,14,0.27341,0.164901,0.043139,0.581681072,0.388890162,0.676048601,-0.231019181
15,seq00,27940386477250,15,0.275719,0.163237,0.041211,0.573856911,0.395136102,0.679748782,-0.229122892
16,seq00,27941386471875,16,0.282842,0.171146,0.039193,0.578966704,0.374097495,0.684831397,-0.236335731
17,seq00,27942386479712,17,0.17318,0.195005,0.012292,0.551859974,0.358569059,0.737499962,-0.151567165
18,seq00,27943386474675,18,0.355858,0.063429,-0.041515,0.540647849,0.444368529,0.700489787,-0.13982336
19,seq00,27944386480337,19,0.683646,-0.127949,-0.011218,0.521856048,0.494020436,0.674575092,-0.16899266
20,seq00,27945386476125,20,0.962782,-0.42307,-0.020446,0.470638293,0.59228124,0.621987061,-0.202075793
21,seq00,27946386474125,21,1.128624,-0.810332,-0.014208,0.485479037,0.610308812,0.579199319,-0.237405579
22,seq00,27947386474925,22,1.391932,-1.102095,1.8e-05,0.441054597,0.728108436,0.404610178,-0.334095124
23,seq00,27948386479750,23,1.604028,-1.219348,-0.013855,0.409316362,0.76829269,0.31673983,-0.376646171
24,seq00,27949386478750,24,1.67309,-1.296266,-0.026969,0.384070605,0.773805676,0.321349986,-0.387877213
25,seq00,27950386473175,25,1.373526,-1.08655,-0.019783,0.427847116,0.719504179,0.416761169,-0.354359577
26,seq00,27951386477800,26,0.922923,-0.913623,-0.006966,0.460128506,0.709600833,0.401142336,-0.351899476
27,seq00,27952386477300,27,0.495784,-0.680248,-0.002699,0.495948716,0.602774005,0.580075386,-0.23283238
28,seq00,27953386475837,28,0.130339,-0.725764,-0.000245,0.552759961,0.464924338,0.676642645,-0.143026282
29,seq00,27954386471675,29,-0.267439,-0.858674,-0.010698,0.583627184,0.277192558,0.763155943,-0.011687697
30,seq00,27955386479375,30,-0.632664,-1.089176,-0.019813,0.54539436,0.05410333,0.831524691,0.090468287
31,seq00,27956386471675,31,-0.826031,-1.245825,-0.001428,0.545711918,-0.077597671,0.816054095,0.17387587
32,seq00,27957386470962,32,-0.901203,-1.441461,-0.023361,0.524938159,-0.123751227,0.818244831,0.198999898
33,seq00,27958386475712,33,-0.921078,-1.457806,-0.011978,0.519282774,-0.049837661,0.825665221,0.214798862
34,seq00,27959386487337,34,-0.923995,-1.59734,-0.026073,0.480758333,-0.081665933,0.841021743,0.234274473
35,seq00,27960386477462,35,-0.834255,-1.311176,-0.022006,0.51018256,-0.063434891,0.833648498,0.201791851
36,seq00,27961386479125,36,-0.553884,-1.022588,-0.027646,0.538315155,0.016783019,0.820704363,0.190734037
37,seq00,27962386479925,37,-0.231833,-0.860744,0.004577,0.585362527,0.195097911,0.785886213,0.040870238
38,seq00,27963386479125,38,0.015655,-0.764112,-0.022265,0.609930239,0.320771251,0.722382205,-0.057051367
39,seq00,27964386489925,39,0.204937,-0.775107,-0.020391,0.587868048,0.421781168,0.678565918,-0.126728444
40,seq00,27965386472750,40,0.379045,-0.43617,0.010658,0.573637011,0.442819176,0.658625259,-0.202643837
41,seq00,27966386476300,41,0.241114,-0.434885,0.010638,0.568255931,0.373739136,0.714039475,-0.165987599
42,seq00,27967386476000,42,0.229411,-0.447975,0.015399,0.574789937,0.376617761,0.714802382,-0.129742613
43,seq00,27968386468425,43,0.324096,-0.582326,-0.108346,0.584904069,0.459514233,0.648880518,-0.160274677
44,seq00,27969386469425,44,0.335419,-0.503394,-0.578232,0.609864857,0.413596467,0.648436797,-0.19113487
45,seq00,27970386475212,45,0.396044,-0.392207,-0.611705,0.574913588,0.446877263,0.648173164,-0.22281523
46,seq00,27971386478125,46,0.332791,-0.509235,-0.736953,0.564908669,0.536340301,0.596277504,-0.194088681
47,seq00,27972386480800,47,0.306843,-0.505507,-0.731921,0.577321108,0.532517896,0.587717008,-0.194200277
48,seq00,27973386479375,48,0.297169,-0.508062,-0.734761,0.572741666,0.537477809,0.588952399,-0.190314635
49,seq00,27974386477925,49,0.295307,-0.514932,-0.737232,0.56870186,0.538528226,0.594747679,-0.181220149
50,seq00,27975386480212,50,0.302772,-0.513805,-0.738717,0.561858324,0.541004186,0.599598689,-0.179195721
51,seq00,27976386478750,51,0.304458,-0.515048,-0.737841,0.561460472,0.539424358,0.599597249,-0.185112504
52,seq00,27977386477337,52,0.353336,-0.556217,-0.720006,0.538784647,0.520155033,0.633716658,-0.193786074
53,seq00,27978386478875,53,0.259684,-0.485666,-0.674683,0.572164746,0.502835282,0.620412998,-0.18674018
54,seq00,27979386479550,54,0.331313,-0.410044,-0.234479,0.551660913,0.460447476,0.683138184,-0.130309555
55,seq00,27980386471125,55,0.391292,-0.080465,0.010311,0.553774245,0.421694808,0.693611987,-0.185499288
56,seq00,27981386475337,56,0.177368,0.076806,0.012237,0.551520401,0.345901421,0.739495127,-0.171243719
57,seq00,27982386474500,57,0.214999,0.12391,0.038729,0.597315034,0.313853824,0.707495196,-0.210145364
58,seq00,27983386479875,58,0.369921,0.17549,0.026581,0.579726588,0.330319589,0.702046843,-0.24887001
59,seq00,27984386478425,59,0.37614,0.181134,0.027598,0.57896718,0.320629578,0.708708728,-0.244388252
60,seq00,27985386480712,60,0.400486,0.19686,0.016118,0.559058836,0.327914324,0.728617016,-0.221455771
61,seq00,27986386471087,61,0.381089,0.184136,0.02502,0.582285711,0.323966967,0.710599533,-0.225913829
62,seq00,27987386469212,62,0.171706,0.115718,0.024441,0.574898576,0.299802042,0.735448888,-0.19678744
63,seq00,27988386479587,63,0.167605,0.002526,0.020377,0.578470286,0.296227926,0.735426795,-0.191751332
64,seq00,27989386478125,64,0.151661,-0.013098,0.019065,0.573800467,0.303954027,0.741860083,-0.167357675
65,seq00,27990386472750,65,0.002625,-0.009699,0.016574,0.590504765,0.271417982,0.747978595,-0.134775455
66,seq00,27991386471125,66,-0.088713,-0.013852,0.004331,0.580980323,0.239918892,0.763913405,-0.146072236
67,seq00,27992386469462,67,-0.065381,-0.007397,0.022908,0.580016175,0.25042409,0.762499994,-0.139509036
68,seq00,27993386482375,68,0.071069,0.121683,0.027081,0.57912289,0.308750453,0.731638455,-0.184377348
69,seq00,27994386474125,69,0.188731,0.143428,0.023917,0.582498164,0.314210172,0.720837108,-0.20581963
70,seq00,27995386471425,70,0.344518,0.016812,0.025991,0.573640315,0.337758527,0.706582404,-0.239994319
71,seq00,27996386472962,71,0.564964,0.000568,0.023852,0.552666281,0.464272596,0.633288124,-0.27920797
72,seq00,27997386477250,72,0.598912,0.073289,0.026957,0.530608193,0.488049624,0.630301516,-0.288066848
73,seq00,27998386479500,73,0.602035,0.138049,0.029645,0.54791234,0.462181779,0.651937476,-0.247300622
74,seq00,27999386478087,74,0.737885,0.148855,0.024182,0.545487034,0.475904561,0.635884427,-0.267599964
75,seq00,28000386481000,75,0.701429,0.162079,0.010093,0.515683599,0.517431146,0.623106627,-0.279416473
76,seq00,28001386480087,76,0.429193,0.22903,0.003206,0.479249198,0.531745589,0.653879509,-0.244966166
77,seq00,28002386473962,77,0.259736,0.031651,-0.026014,0.470986185,0.492117116,0.708566224,-0.184191922
78,seq00,28003386472750,78,0.002936,-0.102175,-0.032938,0.47023604,0.489682258,0.725962696,-0.109852251
79,seq00,28004386475425,79,-0.021675,-0.120616,-0.015633,0.52347099,0.413594369,0.73687329,-0.109250057
80,seq00,28005386470587,80,-0.054641,-0.10746,-0.012416,0.528929198,0.327964853,0.781208026,-0.048856707
81,seq00,28006386479925,81,0.028868,-0.00586,-0.000968,0.554361875,0.350811949,0.750070918,-0.083710847
82,seq00,28007386479837,82,0.047368,0.001838,-0.006747,0.538567557,0.382772335,0.743516715,-0.103020484
83,seq00,28008386476087,83,0.048351,-0.000353,-0.020651,0.500358829,0.459172409,0.72651599,-0.104767639
84,seq00,28009386478337,84,0.052757,0.010239,-0.01386,0.511601211,0.429763215,0.735179888,-0.114360451
85,seq00,28010386476250,85,0.054751,0.013178,-0.010253,0.516288668,0.419977614,0.736049389,-0.12367745
86,seq00,28011386474375,86,0.059065,0.009979,-0.009669,0.518621201,0.414084491,0.737441102,-0.12548588
87,seq00,28012386472962,87,-0.01965,0.011866,-0.011962,0.514303071,0.443893608,0.722518535,-0.128131896
88,seq00,28013386475337,88,-0.119899,0.061214,-0.011438,0.525343507,0.397468851,0.744339385,-0.109506129
89,seq00,28014386472500,89,-0.13015,0.066862,0.003999,0.548536055,0.301096851,0.778154081,-0.054084276
90,seq00,28015386478750,90,-0.137847,0.044744,-0.007738,0.534636787,0.366209313,0.757652042,-0.077573376
91,seq00,28016386478337,91,-0.196652,0.029052,-0.036704,0.485748242,0.482945206,0.724831673,-0.073699522
92,seq00,28017386474675,92,-0.218335,0.009036,-0.034403,0.504966219,0.467301906,0.722901998,-0.063645488
93,seq00,28018386471550,93,-0.172459,0.028174,-0.024705,0.518781522,0.392381547,0.756119172,-0.072015632
94,seq00,28019386478925,94,-0.197928,-0.007822,-0.040536,0.486177983,0.475418648,0.731480454,-0.050442284
95,seq00,28020386474375,95,-0.204405,0.013045,-0.043773,0.489687105,0.472045745,0.731614936,-0.046031936
96,seq00,28021386476675,96,-0.202624,0.005996,-0.042891,0.492713598,0.461516631,0.736320886,-0.045467146
97,seq00,28022386475212,97,-0.198894,0.009927,-0.043477,0.492692785,0.465979504,0.73348296,-0.046039859
98,seq00,28023386473800,98,-0.202868,0.016464,-0.043511,0.49742666,0.465850576,0.730443643,-0.044744204
99,seq00,28024386476087,99,-0.202483,0.013298,-0.044429,0.495968637,0.464833687,0.731922544,-0.047266741
100,seq00,28025386476750,100,-0.167595,0.002308,-0.036871,0.569524272,0.349952707,0.741668405,-0.055706214
101,seq00,28026386468212,101,-0.096648,-0.092311,-0.099131,0.657907135,0.247396802,0.696293096,-0.145358
102,seq00,28027386473587,102,-0.072855,-0.136426,-0.161178,0.668118852,0.188846944,0.714966521,-0.082321957
103,seq00,28028386476712,103,-0.068497,-0.144467,-0.171638,0.67457387,0.191794019,0.71096714,-0.051873633
104,seq00,28029386481125,104,-0.072594,-0.142058,-0.171327,0.674541818,0.205257372,0.707764775,-0.043951902
105,seq00,28030386479712,105,-0.064509,-0.133044,-0.171716,0.670839865,0.203787471,0.712193159,-0.035006366
106,seq01,11683410014375,0,0.000756,-0.006622,-3.9e-05,0.511533076,0.537622971,0.525293279,-0.416368136
107,seq01,11684410021625,1,-0.002905,-0.092961,-0.006923,0.480690468,0.565879878,0.517630727,-0.425176514
108,seq01,11685410018050,2,-0.072447,-0.70749,-0.004079,0.458327996,0.595957566,0.440037211,-0.491057309
109,seq01,11686410012875,3,-0.084917,-1.058147,-0.042555,0.462530898,0.607074456,0.550003497,-0.339148826
110,seq01,11687410014300,4,-0.105329,-0.999832,-0.011156,0.472172181,0.589584245,0.496677003,-0.42749948
111,seq01,11688410015712,5,-0.113634,-0.992389,-0.02019,0.461823061,0.588417474,0.53562941,-0.391899825
112,seq01,11689410020750,6,-0.150156,-1.014222,-0.024295,0.465865467,0.612356296,0.512064403,-0.381810399
113,seq01,11690410012800,7,-0.009165,-1.054812,-0.032316,0.343105092,0.69755957,0.331152483,-0.534815459
114,seq01,11691410015875,8,0.320335,-1.088857,-0.041824,0.388132823,0.669032425,0.427111207,-0.468320983
115,seq01,11692410017962,9,0.32717,-1.050323,-0.015838,0.354229724,0.620345701,0.394865431,-0.577731603
116,seq01,11693410011962,10,0.33549,-1.047507,-0.016259,0.395336357,0.617007374,0.399041248,-0.551159821
117,seq01,11694410018462,11,0.343836,-1.062078,-0.024063,0.393456218,0.617519682,0.437171833,-0.522247484
118,seq01,11695410013837,12,0.340055,-1.056832,-0.01089,0.4108185,0.588218077,0.435709471,-0.543493248
119,seq01,11696410010587,13,0.271883,-0.874142,-0.026307,0.371645315,0.569406605,0.51132008,-0.525554616
120,seq01,11697410021712,14,0.22816,-0.849778,-0.015343,0.420095994,0.576068791,0.467124379,-0.522932996
121,seq01,11698410016000,15,0.220565,-0.82183,-0.007027,0.472672453,0.559411833,0.445844412,-0.514647368
122,seq01,11699410017875,16,0.170261,-0.887414,-0.018155,0.476230347,0.567353286,0.448018449,-0.500594021
123,seq01,11700410012250,17,0.058663,-1.242991,0.008593,0.499427557,0.547993677,0.4141429,-0.527977939
124,seq01,11701410013587,18,0.036409,-1.295345,0.00139,0.418047976,0.590423497,0.470788892,-0.50496911
125,seq01,11702410015837,19,-0.000572,-1.315998,-0.010181,0.411372949,0.570920663,0.536680737,-0.465613229
126,seq01,11703410020050,20,-0.039369,-1.315108,-0.009178,0.42023071,0.589397039,0.506269587,-0.468730611
127,seq01,11704410018087,21,-0.081081,-1.328734,-0.014908,0.386787923,0.587091232,0.506634216,-0.499039837
128,seq01,11705410016587,22,-0.13042,-1.275237,-0.012736,0.455905983,0.57709615,0.414219497,-0.536220083
129,seq01,11706410015425,23,-0.161388,-1.32325,-0.053708,0.519896437,0.631477471,0.387795788,-0.424921551
130,seq01,11707410017425,24,-0.241955,-1.152404,-0.096869,0.256782219,0.772676997,0.260334268,-0.518901936
131,seq01,11708410008087,25,-0.125711,-0.637687,-0.051549,0.429382592,0.6363149,0.47542559,-0.429772551
132,seq01,11709410018750,26,-0.102748,-0.332608,-0.018995,0.497363817,0.549622442,0.538470812,-0.4007413
133,seq01,11710410021050,27,-0.093876,-0.296706,-0.023733,0.490981026,0.555616274,0.565593161,-0.361016017
134,seq01,11711410016625,28,-0.321813,-0.409037,-0.049772,0.455772129,0.616878872,0.513261759,-0.385090366
135,seq01,11712410022750,29,-0.952687,-0.656693,-0.040869,0.41263841,0.686168745,0.463033113,-0.380134625
136,seq01,11713410017212,30,-1.483683,-0.620771,-0.033435,0.50849654,0.541280178,0.604607454,-0.287918155
137,seq01,11714410013712,31,-1.548938,-0.502298,-0.033941,0.543928526,0.482025848,0.673159875,-0.136559961
138,seq01,11715410015550,32,-1.549686,-0.491155,-0.03506,0.521482646,0.503463144,0.672053998,-0.151407188
139,seq01,11716410016337,33,-1.586208,-0.512536,-0.034315,0.497177488,0.554096067,0.626568001,-0.230661297
140,seq01,11717410018625,34,-1.604117,-0.528314,-0.031254,0.510071435,0.555159651,0.61236977,-0.237966717
141,seq01,11718410018250,35,-1.589285,-0.513865,-0.029063,0.538045274,0.526540647,0.623635339,-0.210573487
142,seq01,11719410012675,36,-1.613639,-0.505572,-0.031792,0.534642944,0.514571563,0.634432788,-0.216490338
143,seq01,11720410014962,37,-1.619463,-0.504642,-0.028127,0.544818476,0.512080608,0.631207419,-0.206212205
144,seq01,11721410016800,38,-1.604033,-0.591823,-0.052584,0.51156636,0.497775064,0.648036036,-0.26564853
145,seq01,11722410014837,39,-1.448739,-1.093642,-0.133042,0.463457032,0.626192265,0.618068278,-0.105273117
146,seq01,11723410011425,40,-1.438203,-1.228182,-0.1441,0.47554319,0.612983594,0.624485395,-0.0901542
147,seq01,11724410016500,41,-1.404003,-1.233031,-0.143531,0.512511749,0.563701625,0.64663999,-0.037800891
148,seq01,11725410017925,42,-1.410358,-1.230351,-0.154705,0.457312478,0.589516661,0.664992269,-0.033476643
149,seq01,11726410020375,43,-1.496387,-1.221028,-0.147543,0.442733447,0.70217213,0.543086405,-0.126485379
150,seq01,11727410015962,44,-1.499739,-1.217226,-0.152776,0.401974011,0.690823502,0.580429143,-0.155826165
151,seq01,11728410015712,45,-1.450417,-1.220379,-0.144563,0.378169966,0.714632213,0.572495186,-0.136152629
152,seq01,11729410021175,46,-1.459207,-1.206669,-0.137381,0.39482171,0.660455403,0.624977245,-0.131597573
153,seq01,11730410021550,47,-1.450051,-1.203817,-0.140766,0.422064465,0.619151507,0.655215024,-0.095949316
154,seq01,11731410015250,48,-1.469394,-1.250343,-0.143575,0.476635024,0.597896344,0.633526311,-0.118251549
155,seq01,11732410011337,49,-1.506486,-1.362915,-0.425712,0.463341163,0.635370319,0.616603245,-0.037682389
156,seq01,11733410019500,50,-1.183053,-1.378714,-0.36567,0.555885497,0.446244252,0.691629097,0.116217786
157,seq01,11734410010750,51,-0.651556,-1.472816,-0.320022,0.522555051,0.530562743,0.666564807,-0.033626665
158,seq01,11735410015712,52,-0.389416,-1.483482,-0.276919,0.464948353,0.644041936,0.540944436,-0.276427445
159,seq01,11736410019875,53,-0.271409,-1.272651,-0.280074,0.490257204,0.598205308,0.54588815,-0.32218692
160,seq01,11737410016675,54,-0.234029,-1.263847,-0.317028,0.468128406,0.615539258,0.566607393,-0.284470174
161,seq01,11738410021425,55,-0.261041,-1.227148,-0.124265,0.415379845,0.59923727,0.515201065,-0.450491001
162,seq01,11739410016175,56,-0.316576,-1.536869,-0.092334,0.378244603,0.644898879,0.5049389,-0.431361986
163,seq01,11740410011050,57,-0.400131,-1.520781,-0.088336,0.396117456,0.656516536,0.48851862,-0.416445143
164,seq01,11741410015800,58,-0.376452,-1.511115,-0.079611,0.403569034,0.644933513,0.52624698,-0.379811684
165,seq01,11742410010587,59,-0.429505,-1.517782,-0.082967,0.470791374,0.606721026,0.567024105,-0.297873705
166,seq01,11743410014300,60,-0.529698,-1.486328,-0.092514,0.381604165,0.657591237,0.509752532,-0.402621886
167,seq01,11744410019550,61,-1.240537,-1.124138,-0.090374,0.321741455,0.756554337,0.350558549,-0.448571817
168,seq01,11745410012125,62,-1.956409,-0.800583,-0.037842,0.508792964,0.666046867,0.430089297,-0.335461603
169,seq01,11746410013337,63,-2.194353,-0.711838,-0.058802,0.587480343,0.673626777,0.345602122,-0.285749864
170,seq01,11747410020250,64,-2.239074,-0.672729,-0.089108,0.617622165,0.686435044,0.341649921,-0.175000352
171,seq01,11748410015837,65,-2.129372,-0.710485,-0.041419,0.680040969,0.509138618,0.496489049,-0.178383778
172,seq01,11749410022500,66,-2.081227,-0.718998,-0.041112,0.641487717,0.512987078,0.544425155,-0.170114717
173,seq01,11750410008750,67,-1.93968,-0.703922,-0.024755,0.679755101,0.259391299,0.685617704,0.024031649
174,seq01,11751410017500,68,-1.700079,-0.644803,-0.064701,0.450677253,0.609010733,0.610097307,-0.231899153
175,seq01,11752410014000,69,-1.589507,-0.437381,-0.064412,0.523500235,0.539807599,0.637918161,-0.166179661
176,seq01,11753410009925,70,-1.597923,-0.201406,0.010613,0.606194729,0.413961438,0.65631608,-0.174393469
177,seq01,11754410011800,71,-1.545373,-0.150573,-0.016214,0.557096404,0.428809268,0.68411059,-0.194316518
178,seq01,11755410011837,72,-1.543788,-0.182441,-0.041237,0.517044252,0.468517486,0.692327709,-0.183953663
179,seq01,11756410018587,73,-1.553731,-0.18654,-0.043149,0.510055423,0.467809216,0.694228745,-0.197596689
180,seq01,11757410013625,74,-1.540147,-0.201877,-0.052203,0.506312043,0.464368206,0.709127872,-0.15858104
181,seq01,11758410011212,75,-1.549298,-0.185904,-0.039718,0.53996192,0.460578749,0.686105402,-0.159899089
182,seq01,11759410017750,76,-1.455615,-0.316089,-0.075866,0.492292429,0.495159841,0.707172002,-0.11123244
183,seq01,11760410011962,77,-0.789775,-0.829232,-0.054805,0.62526114,0.407007437,0.652967354,-0.130487885
184,seq01,11761410023175,78,-0.009399,-1.210868,-0.108777,0.49884401,0.524719961,0.675217656,-0.141084138
185,seq01,11762410019875,79,0.434308,-1.882448,-0.184123,0.370052829,0.754799801,0.46942057,-0.270152721
186,seq01,11763410013212,80,0.574026,-2.235399,-0.047975,0.290822374,0.751480551,0.289097946,-0.516838182
187,seq01,11764410020462,81,0.565839,-2.390745,-0.077795,0.229425853,0.85988782,0.114783897,-0.441340426
188,seq01,11765410019050,82,0.585759,-2.383554,-0.06082,0.175531634,0.83464031,0.099388642,-0.512529118
189,seq01,11766410018462,83,0.615406,-2.375357,-0.022673,0.152197108,0.776093926,0.110366952,-0.601941355
190,seq01,11767410018500,84,0.600541,-2.361406,-0.034182,0.164711079,0.797294938,0.095075822,-0.572845206
191,seq01,11768410016250,85,0.520993,-2.420305,-0.037837,-0.002094009,0.79757167,-0.119468066,-0.591271873
192,seq01,11769410017587,86,0.516419,-2.585509,-0.021189,0.115023164,0.782602298,-0.001859046,-0.611800506
193,seq01,11770410018462,87,0.522946,-2.561156,-0.017997,-0.057633349,0.783270697,-0.137396063,-0.603562535
194,seq01,11771410010625,88,0.514431,-2.681638,-0.008492,0.176087975,0.753842245,0.155049775,-0.613738106
195,seq01,11772410018425,89,0.516945,-2.622722,-0.011777,0.028762751,0.777160501,-0.013212992,-0.628505908
196,seq01,11773410015625,90,0.532409,-2.536232,-0.020456,-0.098711291,0.767511012,-0.200901914,-0.600684067
197,seq01,11774410019500,91,0.541782,-2.488291,-0.043678,-0.028646383,0.795022495,-0.266633657,-0.544081897
198,seq01,11775410021375,92,0.836956,-2.149768,-0.019461,-0.194345084,0.740426822,-0.258716013,-0.589121494
199,seq01,11776410011500,93,0.871619,-2.56123,-0.019172,0.221370143,0.766494277,0.219318469,-0.561588098
200,seq01,11777410013212,94,0.965695,-2.759195,-0.003152,0.186621579,0.745718827,0.193273928,-0.60968927
201,seq01,11778410011550,95,0.943503,-2.726873,-0.007938,0.164172576,0.762396302,0.174368316,-0.601161322
202,seq01,11779410011625,96,0.72373,-2.212804,-0.108968,0.289245108,0.822091485,0.24400137,-0.42540121
203,seq01,11780410014800,97,0.11224,-1.512559,-0.099631,0.369908169,0.735776224,0.21230237,-0.526050377
204,seq01,11781410011625,98,-0.604816,-1.215577,-0.049977,0.396053065,0.691560655,0.376083935,-0.472701495
205,seq01,11782410012000,99,-0.538544,-0.797524,-0.050752,0.510652966,0.622958512,0.45392641,-0.3809292
206,seq02,232388373025,0,0.001017,-0.006616,-0.000382,0.537074681,0.536734003,0.522457929,-0.38794988
207,seq02,233388372112,1,0.004333,-0.016187,-0.003675,0.527385505,0.531655969,0.525445718,-0.403872823
208,seq02,234388377987,2,-0.006552,-0.037352,-0.031903,0.499633114,0.573047794,0.490561869,-0.425830987
209,seq02,235388369987,3,-0.237102,0.298632,-0.040249,0.463105044,0.634705421,0.429823625,-0.444898188
210,seq02,236388377200,4,-0.666765,0.44319,-0.050533,0.422291327,0.662003528,0.39755648,-0.474731723
211,seq02,237388369775,5,-1.061444,0.75383,-0.046048,0.522493531,0.585451257,0.506307385,-0.35763133
212,seq02,238388378987,6,-1.485873,0.762314,-0.04454,0.537403724,0.538980743,0.539077268,-0.360683649
213,seq02,239388376900,7,-1.922458,0.829318,-0.022068,0.657523987,0.309765887,0.656696182,-0.201140314
214,seq02,240388375575,8,-2.242964,0.573023,-0.031531,0.646335762,0.348945052,0.638877617,-0.228741828
215,seq02,241388376775,9,-2.639688,0.436618,-0.013348,0.703384007,0.206978451,0.66864369,-0.123800142
216,seq02,242388376612,10,-2.851641,0.118527,-0.032459,0.651590267,0.248240921,0.695991931,-0.171469533
217,seq02,243388376862,11,-3.087302,-0.137357,-0.020492,0.698228733,0.073276433,0.712048562,-0.009697773
218,seq02,244388376237,12,-3.291863,-0.374068,-0.037186,0.656704382,0.090743835,0.747987733,-0.031925884
219,seq02,245388376900,13,-3.254886,-0.628172,-0.033055,0.641956282,0.124612528,0.755794494,-0.033742136
220,seq02,246388378112,14,-3.423944,-0.859225,-0.048715,0.598180282,0.034665459,0.79290254,0.110834192
221,seq02,247388369450,15,-3.424518,-0.62111,-0.04699,0.621581987,0.038283904,0.774189521,0.113140452
222,seq02,248388378987,16,-3.247421,-0.332561,-0.071684,0.602837743,0.005874307,0.787060377,0.130721506
223,seq02,249388379825,17,-2.975785,-0.055086,-0.047982,0.643339697,0.012891921,0.751213316,0.147059128
224,seq02,250388374612,18,-2.738301,0.173389,-0.038244,0.633937248,0.240170599,0.731230666,-0.075784972
225,seq02,251388375900,19,-2.385623,0.209739,-0.02983,0.631979112,0.032375737,0.757474639,0.160581393
226,seq02,252388373237,20,-2.154288,0.40344,-0.057755,0.601211635,0.324687259,0.729125607,-0.038711787
227,seq02,253388377400,21,-1.784672,0.561958,-0.075433,0.604491203,0.184970237,0.770307991,0.08367793
228,seq02,254388377525,22,-1.556052,0.661683,-0.0333,0.650803634,0.32551894,0.66833972,-0.154318072
229,seq02,255388375862,23,-1.306391,0.747904,-0.057789,0.537600658,0.494076072,0.608405688,-0.310993387
230,seq02,256388377775,24,-0.95331,0.652157,-0.080926,0.563678129,0.353421243,0.741655488,-0.085484085
231,seq02,257388371950,25,-0.618874,0.556194,-0.032306,0.629529939,0.498612201,0.567811367,-0.180743409
232,seq02,258388374450,26,-0.537005,0.564734,-0.041323,0.60358777,0.543139266,0.521733215,-0.261679181
233,seq02,259388375362,27,-0.592887,0.587273,-0.056235,0.499102365,0.664107017,0.420114093,-0.365188784
234,seq02,260388377987,28,-0.714388,0.640062,-0.051053,0.505960618,0.641489548,0.431007905,-0.383049865
235,seq02,261388378362,29,-0.896891,0.758167,-0.033235,0.610827569,0.540098076,0.456883779,-0.355585379
236,seq02,262388373737,30,-0.83839,0.781999,-0.031188,0.653324238,0.419413976,0.584683786,-0.235381025
237,seq02,263388374112,31,-0.819465,0.733283,-0.02816,0.534722977,0.585706002,0.442643435,-0.418433515
238,seq02,264388379450,32,-0.701717,0.70929,-0.033498,0.628035797,0.457788168,0.581894401,-0.239582839
239,seq02,265388374400,33,-0.533143,0.610706,-0.052476,0.601037359,0.459959869,0.627733473,-0.182048617
240,seq02,266388377825,34,-0.6397,0.59647,-0.086201,0.49119309,0.622212104,0.555727319,-0.250496693
241,seq02,267388379362,35,-0.867643,0.847211,-0.080815,0.521725361,0.627368107,0.509719687,-0.272759503
242,seq02,268388372612,36,-1.106375,0.815413,-0.052484,0.548527252,0.583322861,0.464654979,-0.378084704
243,seq02,269388378237,37,-1.253184,0.826575,-0.037796,0.608450006,0.440913605,0.601369721,-0.271547863
244,seq02,270388379025,38,-1.536066,0.887931,-0.024312,0.678340542,0.3917903,0.593679359,-0.184117593
245,seq02,271388372362,39,-1.574604,0.926776,-0.047363,0.598627562,0.40580208,0.65975843,-0.204177689
246,seq02,272388378700,40,-1.594347,0.927551,-0.074426,0.531395911,0.440460232,0.703084648,-0.171129041
247,seq02,273388375200,41,-1.783858,0.73543,-0.092749,0.524466347,0.477892261,0.681581517,-0.178887319
248,seq02,274388374950,42,-1.920383,0.673525,-0.085841,0.502135805,0.461517424,0.699333244,-0.213996061
249,seq02,275388375075,43,-2.333293,0.531719,-0.070572,0.545076148,0.600784744,0.533588239,-0.239234772
250,seq02,276388370737,44,-2.319508,0.547896,-0.081242,0.567895584,0.492420111,0.636566263,-0.172628018
251,seq02,277388378362,45,-2.057941,0.763601,-0.073702,0.583772135,0.241804152,0.76683817,0.112694574
252,seq02,278388368825,46,-2.057723,0.76947,-0.080381,0.537744738,0.427509407,0.70794138,-0.163967395
253,seq02,279388376650,47,-2.222489,0.65376,-0.065218,0.560792661,0.456585952,0.666768735,-0.180167462
254,seq02,280388381150,48,-2.359312,0.531309,-0.08706,0.551978861,0.499438561,0.655314777,-0.128230277
255,seq02,281388378862,49,-2.335747,0.550599,-0.078111,0.577614196,0.378928724,0.72109547,-0.052878973
256,seq02,282388381150,50,-2.360012,0.563702,-0.076208,0.592400614,0.453847564,0.659233138,-0.092171425
257,seq02,283388377075,51,-2.341564,0.577833,-0.078856,0.592143647,0.370345573,0.709444114,-0.094335081
258,seq02,284388380825,52,-2.278146,0.578764,-0.070917,0.606606495,0.29432139,0.738092083,-0.024971125
259,seq02,285388375362,53,-2.296309,0.572475,-0.060668,0.62430738,0.318191999,0.709124739,-0.078334228
260,seq02,286388373275,54,-2.235434,0.660382,-0.056097,0.649589835,0.155957731,0.74064188,0.071832014
261,seq02,287388377075,55,-2.136816,0.71532,-0.054887,0.600922708,0.291833143,0.739296139,-0.084655389
262,seq02,288388379862,56,-1.96382,0.834126,-0.053027,0.62593832,0.247741276,0.738134219,-0.044534865
263,seq02,289388371362,57,-1.61155,0.713446,-0.054005,0.638142996,0.238325228,0.731673055,-0.025082706
264,seq02,290388377200,58,-1.26295,0.784688,-0.02538,0.647310297,0.351793299,0.654289816,-0.170691801
265,seq02,291388379575,59,-0.992802,0.756032,-0.051049,0.644685628,0.343923844,0.666109602,-0.14964902
266,seq02,292388380575,60,-0.818005,0.529562,-0.045853,0.621117877,0.41441205,0.632324709,-0.20649624
267,seq02,293388399025,61,-0.62477,0.429718,-0.028364,0.532948097,0.58849704,0.458028006,-0.399809835
268,seq02,294388375487,62,-0.441876,0.399239,-0.043718,0.55527738,0.572350726,0.50358174,-0.332396013
269,seq02,295388374775,63,-0.386046,0.226886,-0.03019,0.643350559,0.413639649,0.59513246,-0.246616411
270,seq02,296388370200,64,-0.360394,-0.042884,-0.026948,0.645345061,0.455732083,0.553356066,-0.263884605
271,seq02,297388370825,65,-0.10649,-0.128808,-0.034082,0.498533301,0.573957705,0.486138287,-0.430936964
272,seq02,298388373325,66,-0.0832,-0.102012,-0.041855,0.504498343,0.540786225,0.55051392,-0.387254573
273,seq02,299388378275,67,-0.275701,0.206932,-0.038062,0.525829837,0.58304959,0.474912463,-0.397510139
274,seq02,300388380025,68,-0.621698,0.286828,-0.051356,0.438667195,0.670733208,0.382476374,-0.459782425
275,seq02,301388372362,69,-0.837224,0.501742,-0.033003,0.533510344,0.557114091,0.493052991,-0.402354757
276,seq02,302388370275,70,-1.092908,0.712587,-0.045627,0.548916108,0.56310631,0.458772049,-0.413679341
277,seq02,303388376575,71,-1.440464,0.675403,-0.052399,0.507122755,0.609168681,0.462843086,-0.396883241
278,seq02,304388379275,72,-1.741222,0.827381,-0.00417,0.710952607,0.311868475,0.578595749,-0.250022807
279,seq02,305388381075,73,-2.015199,0.729607,-0.053464,0.599357963,0.468276835,0.581547601,-0.28859873
280,seq02,306388377987,74,-2.144724,0.522725,-0.051644,0.606223786,0.35045661,0.690756408,-0.180356511
281,seq02,307388378775,75,-2.45552,0.455461,-0.04022,0.648172441,0.253818861,0.71441203,-0.071161249
282,seq02,308388380075,76,-2.573907,0.402988,-0.037609,0.64713902,0.274250728,0.697693848,-0.138639538
283,seq02,309388379325,77,-2.577946,0.407119,-0.035558,0.672369775,0.213660446,0.704033603,-0.081269828
284,seq02,310388373900,78,-2.567625,0.398661,-0.042417,0.646587107,0.238107147,0.72052403,-0.077943704
285,seq02,311388377150,79,-2.623855,0.378224,-0.020666,0.710709336,0.208737409,0.667574875,-0.075264334
286,seq02,312388374150,80,-2.411122,0.529462,-0.029652,0.645993992,0.308835062,0.686178557,-0.128341945
287,seq02,313388419275,81,-2.275444,0.702491,-0.036821,0.642210552,0.227967075,0.720651069,-0.127509435
288,seq02,314388378575,82,-2.064466,0.61208,-0.058781,0.630470204,0.232629944,0.735739788,-0.084128448
289,seq02,315388376275,83,-1.946864,0.583614,-0.068667,0.573735957,0.389273689,0.68969242,-0.208847821
290,seq02,316388373775,84,-1.687895,0.781916,-0.0165,0.661097682,0.26790931,0.672698926,-0.196597588
291,seq02,317388369700,85,-1.51248,0.780654,-0.053689,0.620758876,0.295479133,0.714135275,-0.131762316
292,seq02,318388375700,86,-1.33768,0.616907,-0.026053,0.666983358,0.343734994,0.648651704,-0.127398669
293,seq02,319388375650,87,-1.289146,0.59321,-0.05887,0.549878683,0.562442891,0.534295937,-0.309546895
294,seq02,320388369400,88,-0.870642,0.670246,-0.02696,0.626816965,0.408687626,0.613481838,-0.252418208
295,seq02,321388371650,89,-0.656758,0.368002,-0.028436,0.623310906,0.426356215,0.611963387,-0.234956816
296,seq02,322388370950,90,-0.516265,0.227102,-0.054178,0.587075905,0.513380088,0.585498311,-0.221301819
297,seq02,323388379075,91,-0.312163,0.159593,-0.024423,0.500205942,0.642724472,0.3514346,-0.461728265
298,seq02,324388375987,92,-0.213297,0.14026,-0.045544,0.502238394,0.624360858,0.430673076,-0.415271977
299,seq02,325388376825,93,-0.383444,0.287379,-0.066548,0.525824388,0.662639397,0.473706213,-0.244990137
300,seq02,326388372737,94,-0.702065,0.430547,-0.076361,0.450416669,0.658689502,0.467628341,-0.380232427
301,seq02,327388371737,95,-1.007572,0.508261,-0.068052,0.471967121,0.63847968,0.523557195,-0.308996115
302,seq02,328388371325,96,-1.208483,0.821866,-0.076428,0.565629381,0.457570806,0.684394282,-0.047925231
